"","snp","1.vs.23_Pchi","1.vs.23_or","12.vs.3_Pchi","12.vs.3_or"
"51","rs158570","0.00297","0.591","0.120","0.714"
"52","rs158932","0.0768","1.51","0.00798","1.63"
"53","rs158935","0.00249","0.588","0.218","0.76"
"54","rs158938","0.0107","0.647","0.288","0.77"
"57","rs3117","0.00139","0.572","0.230","0.764"
"58","rs4647100","0.00587","0.632","0.172","0.631"
"62","rs7726671","0.00912","0.647","0.215","0.654"
"109","rs2296148","0.295","4.35","0.0498","0.576"
"117","rs4150355","0.0402","0.578","0.127","1.30"
"124","rs873601","0.817","0.951","0.0425","1.73"
"128","rs17593068","0.128","0.698","0.00857","0.629"
"129","rs4147581","0.0261","1.56","0.0321","1.49"
"131","rs6591256","0.00469","1.64","0.123","1.38"
"132","rs762803","0.124","0.703","0.00581","0.612"
"134","rs947895","0.213","0.695","0.038","0.704"
"148","rs4150681","0.0719","NA","0.0497","0"
"161","rs7311689","0.9","0.431","0.0197","0.519"
"173","rs10500298","0.88","1.04","0.0354","0.655"
"229","rs1805410","0.13","1.32","0.00652","7.22"
"231","rs2048424","0.247","0.819","0.0315","0.545"
"262","rs7023656","0.89","0.963","0.00334","1.87"
"278","rs4281767","0.635","0.905","0.00827","0"
"285","rs7501623","0.577","0.892","0.0137","0"
"301","rs12668835","0.0343","1.7","0.0786","1.36"
"318","rs4720745","0.0153","1.54","0.211","1.35"
"319","rs4720747","0.0353","1.45","0.297","1.30"
"323","rs6950845","0.0102","1.54","0.917","1.07"
"330","rs886724","0.032","1.74","0.139","1.29"
"331","rs9791868","0.0231","1.49","0.474","1.21"
"334","rs2805835","0.88","1.45","0.0385","1.61"
"348","rs2470458","0.415","0.86","0.0369","0.351"
"349","rs2607736","0.0443","1.57","0.929","1.03"
"362","rs3136146","0.787","0.734","0.044","0.626"
"375","rs2854496","0.0208","0.311","0.544","1.12"
"378","rs2854510","0.749","0.937","0.0113","3.04"
